{"cameraMode":{"drawMode":0,"name":"Shaded","section":"Shading Mode"},"sceneLighting":false,"audioPlay":false,"sceneViewState":{"showFog":true,"showMaterialUpdate":false,"showSkybox":true,"showFlares":true,"showImageEffects":true,"showParticleSystems":true},"in2DMode":false,"pivot":{"x":0.2392578125,"y":0.522705078125,"z":1.227294921875},"rotation":{"x":-0.08937575668096543,"y":-0.7881577610969544,"z":0.11790943890810013,"w":-0.5974250435829163},"size":4.154146194458008,"orthographic":true}