{"cameraMode":{"drawMode":0,"name":"Shaded","section":"Shading Mode"},"sceneLighting":false,"audioPlay":false,"sceneViewState":{"showFog":true,"showMaterialUpdate":false,"showSkybox":true,"showFlares":true,"showImageEffects":true,"showParticleSystems":true},"in2DMode":false,"pivot":{"x":-0.6767069697380066,"y":8.236571311950684,"z":-2.254033088684082},"rotation":{"x":0.2434666007757187,"y":-0.7485681176185608,"z":0.3685494363307953,"w":0.49451106786727908},"size":22.0,"orthographic":true}