{"cameraMode":{"drawMode":0,"name":"Shaded","section":"Shading Mode"},"sceneLighting":true,"audioPlay":false,"sceneViewState":{"showFog":true,"showMaterialUpdate":false,"showSkybox":true,"showFlares":true,"showImageEffects":true,"showParticleSystems":true},"in2DMode":false,"pivot":{"x":-0.6357421875,"y":2.6773509979248049,"z":-0.05450439453125},"rotation":{"x":0.08724817633628845,"y":-0.8986228704452515,"z":0.2085118442773819,"w":0.37601545453071597},"size":100.02593231201172,"orthographic":true}