{"cameraMode":{"drawMode":0,"name":"Shaded","section":"Shading Mode"},"sceneLighting":true,"audioPlay":false,"sceneViewState":{"showFog":true,"showMaterialUpdate":false,"showSkybox":true,"showFlares":true,"showImageEffects":true,"showParticleSystems":true},"in2DMode":false,"pivot":{"x":-0.7967069745063782,"y":7.055571556091309,"z":-0.33703312277793887},"rotation":{"x":0.2434666007757187,"y":-0.7485681176185608,"z":0.3685494363307953,"w":0.49451106786727908},"size":22.0,"orthographic":true}